title,brand,price,currency,url,img,description,source,date,sold,_buying_option,_search_label
Omega Seamaster Railmaster CK2914 Vintage 38mm Manual UB418,,23599,USD,https://www.ebay.com/itm/167778046889?_skw=Omega+Railmaster+CK2914&hash=item271059d3a9:g:gnAAAOSw5fxmYxxr,https://i.ebayimg.com/images/g/gnAAAOSw5fxmYxxr/s-l225.jpg,,eBay,2026-10-09,False,FIXED_PRICE,Omega Railmaster CK2914
Omega Railmaster CK2914-3 1959 Broad Arrow Cal.284,,10516,USD,https://www.ebay.com/itm/147482190480?_skw=Omega+Railmaster+CK2914&hash=item22569fa290:g:cOoAAeSw8KJqcbT4,https://i.ebayimg.com/images/g/cOoAAeSw8KJqcbT4/s-l225.jpg,,eBay,2026-10-09,False,FIXED_PRICE,Omega Railmaster CK2914
Omega Seamaster Railmaster CK2914 PAF Vintage 38mm Manual WG502,,24000,USD,https://www.ebay.com/itm/156667424412?_skw=Omega+Railmaster+CK2914&hash=item247a1b2e9c:g:hMIAAOSwHGNmeaKP,https://i.ebayimg.com/images/g/hMIAAOSwHGNmeaKP/s-l225.jpg,,eBay,2026-10-09,False,FIXED_PRICE,Omega Railmaster CK2914
OMEGA Railmaster CK2914-1 Black Case Size 38mm x 38mm Men's Used Watch #91030,,15569,USD,https://www.ebay.com/itm/318936210752?_skw=Omega+Railmaster+CK2914&hash=item4a42145d40:g:o5UAAeSwoW5qvIU-,https://i.ebayimg.com/images/g/o5UAAeSwoW5qvIU-/s-l225.jpg,,eBay,2026-10-09,False,FIXED_PRICE,Omega Railmaster CK2914
Omega Seamaster Railmaster CK2914 Vintage 38mm Manual UE609,,25959,USD,https://www.ebay.com/itm/156843150313?_skw=Omega+Railmaster+CK2914&hash=item2484948be9:g:X9IAAOSw8wpmcH33,https://i.ebayimg.com/images/g/X9IAAOSw8wpmcH33/s-l225.jpg,,eBay,2026-10-09,False,FIXED_PRICE,Omega Railmaster CK2914
Omega Railmaster Archive Ref.CK2914 Antique Men's Watch,,18044,USD,https://www.ebay.com/itm/800692762044?_skw=Omega+Railmaster+CK2914&hash=itemba6d01f5bc:g:r3cAAeSwR2JqsJyd,https://i.ebayimg.com/images/g/r3cAAeSwR2JqsJyd/s-l225.jpg,,eBay,2026-10-09,False,FIXED_PRICE,Omega Railmaster CK2914
Omega Railmaster CK 2914-1 MK1 Broad Arrow 1957 First Execution Cal 284 Rare,,16500,USD,https://www.ebay.com/itm/206367798095?_skw=Omega+Railmaster+CK2914&hash=item300c7ab34f:g:fW8AAeSwqClqAPPa,https://i.ebayimg.com/images/g/fW8AAeSwqClqAPPa/s-l225.jpg,,eBay,2026-10-09,False,FIXED_PRICE,Omega Railmaster CK2914
OMEGA Railmaster 2914-3 Black Case Size 38mm x 38mm Men's Used Watch #51012,,15581,USD,https://www.ebay.com/itm/318290013124?_skw=Omega+Railmaster+CK2914&hash=item4a1b902bc4:g:T3IAAeSwLSlqAvBQ,https://i.ebayimg.com/images/g/T3IAAeSwLSlqAvBQ/s-l225.jpg,,eBay,2026-10-09,False,FIXED_PRICE,Omega Railmaster CK2914
Omega Railmaster Luminous Hands/Markers CK2914-1 Black TO3310849,,15570,USD,https://www.ebay.com/itm/188978310369?_skw=Omega+Railmaster+CK2914&hash=item2bfffc2ce1:g:5t8AAeSwabxqtSbG,https://i.ebayimg.com/images/g/5t8AAeSwabxqtSbG/s-l225.jpg,,eBay,2026-10-09,False,FIXED_PRICE,Omega Railmaster CK2914
RARE ! **OH Serviced** Vintage OMEGA Railmaster 2914-1 Cal.283 Manual 37mm Men's,,6000,USD,https://www.ebay.com/itm/206370422253?_skw=Omega+Railmaster+CK2914&hash=item300ca2bded:g:kgkAAeSwAetqqjoU&amdata=enc%3AAQALAAABAACCtXRWQnOEpyOqnQQ8KGYuECf0X0VaaOar01WA%2F70uoRRmo3C7xD3YHH8ObnGcHgLrqq2SrHld1NzCFQfht%2BMVWECp7pMVK05e4zLECoPqpW9aDjTxNLJRRHeP4oQ8sJKgvSv2%2B8KdfviO7inbWbJJZ85oB25lah47bbgIYU9AGqQt0EC9NtSGGzbYB%2BGq4wjW5hzq3AJG6IXrY0TVhNPVPebYMv3thhF7YGfFi66HsUSoMyl6k13OE1lgb%2FdPv93cLAtsdBvrM%2FmWkczceq2hDoAoGYqIST0q17FsL207eNUfYmkipJ2h67N%2FfL%2F9q9NPmz0YwGydyXrBfzAqkbA%3D,https://i.ebayimg.com/images/g/kgkAAeSwAetqqjoU/s-l225.jpg,,eBay,2026-10-09,False,FIXED_PRICE,Omega Railmaster CK2914
VINTAGE HEUER AUTAVIA GMT AUTOMATIC CHRONO REF 11630 ARGENTINA AIR FORCE MILITAR,,9000,USD,https://www.ebay.com/itm/298715048843?_skw=heuer+autavia+gmt&hash=item458ccdeb8b:g:P8IAAeSwXS5qqGum,https://i.ebayimg.com/images/g/P8IAAeSwXS5qqGum/s-l225.jpg,,eBay,2026-10-09,False,FIXED_PRICE,Heuer Autavia GMT
1972 HEUER AUTAVIA 1163 GMT Pepsi MK2 Red Tips w Heuer GF Beads of Rice Bracelet,,11995,USD,https://www.ebay.com/itm/205909723917?_skw=heuer+autavia+gmt&hash=item2ff12d0b0d:g:uQsAAeSw1eRpOJQS&amdata=enc%3AAQALAAAA8ACCtXRWQnOEpyOqnQQ8KGbV5%2BwfxI%2FdYyO%2BZNovcZTwnZk7gxQ96d%2Bw4Zq7AHzo6ZbIrpp1%2F3tRrJtXvpHORXTRRz629QBhOqoeBBurrxWBQDhy4dM2U2bti9wNqGNK4Hiei7WsY0%2FeWnnAb%2By3BPvIhDVMtcKFTH%2BLqhOWDRMLS9qjkmgVdSxwDulkJtxdb2Okw0otuIw85ui0KyqkEQNzw39EwsUNdcbAt5kfTHpPdDequOI8UjIvxqjilF7zXsl%2Fr7%2Bz2NCjg7LcyoSggRNmgX4tmDWMlL5JYdVdD4HS%2BWm8hdsHSzGzA9KbLfohWA%3D%3D,https://i.ebayimg.com/images/g/uQsAAeSw1eRpOJQS/s-l225.jpg,,eBay,2026-10-09,False,FIXED_PRICE,Heuer Autavia GMT
VINTAGE HEUER AUTAVIA GMT Ref 2446C - Mark 1 - Manual Wind Valjoux 72 GMT Chrono,,9500,USD,https://www.ebay.com/itm/307204148470?_skw=heuer+autavia+gmt&hash=item4786cb4cf6:g:mIcAAeSwM-NqqG-B,https://i.ebayimg.com/images/g/mIcAAeSwM-NqqG-B/s-l225.jpg,,eBay,2026-10-09,False,FIXED_PRICE,Heuer Autavia GMT
VINTAGE HEUER AUTAVIA GMT AUTOMATIC CHRONOGRAPH CAL 14 REF 1163 - Mark 3,,8500,USD,https://www.ebay.com/itm/307204148519?_skw=heuer+autavia+gmt&hash=item4786cb4d27:g:N3UAAeSwf9FqMxs4,https://i.ebayimg.com/images/g/N3UAAeSwf9FqMxs4/s-l225.jpg,,eBay,2026-10-09,False,FIXED_PRICE,Heuer Autavia GMT
Heuer Autavia GMT 741.603 Famous among collectors last manual wind Heuer Autavia,,14995,USD,https://www.ebay.com/itm/267793959199?_skw=heuer+autavia+gmt&hash=item3e59c3891f:g:aYwAAeSwXG1qs01c,https://i.ebayimg.com/images/g/aYwAAeSwXG1qs01c/s-l225.jpg,,eBay,2026-10-09,False,FIXED_PRICE,Heuer Autavia GMT
Heuer Vintage Autavia GMT Ref 2446C Faded Bezel Steel,,9500,USD,https://www.ebay.com/itm/127801106259?_skw=heuer+autavia+gmt&hash=item1dc18a1f53:g:BJAAAeSwhYVp1q-o,https://i.ebayimg.com/images/g/BJAAAeSwhYVp1q-o/s-l225.jpg,,eBay,2026-10-09,False,FIXED_PRICE,Heuer Autavia GMT
Vintage Heuer Autavia Watch 1163 GMT,,9995,USD,https://www.ebay.com/itm/158023236420?_skw=heuer+autavia+gmt&hash=item24caeb3b44:g:PgwAAeSwAdhqO-6m,https://i.ebayimg.com/images/g/PgwAAeSwAdhqO-6m/s-l225.jpg,,eBay,2026-10-09,False,FIXED_PRICE,Heuer Autavia GMT
Heuer Autavia GMT Chronograph Automatic Stainless Steel Black Dial Engraved,,6500,USD,https://www.ebay.com/itm/157758208119?_skw=heuer+autavia+gmt&hash=item24bb1f3877:g:InMAAeSwSHlpt1ag,https://i.ebayimg.com/images/g/InMAAeSwSHlpt1ag/s-l225.jpg,,eBay,2026-10-09,False,FIXED_PRICE,Heuer Autavia GMT
Vintage Heuer Autavia GMT 11630 Stainless Steel 42mm Pepsi Bezel Black Dial,,9499,USD,https://www.ebay.com/itm/275991131858?_skw=heuer+autavia+gmt&hash=item40425a76d2:g:JVkAAOSw6v1k1Nz0,https://i.ebayimg.com/images/g/JVkAAOSw6v1k1Nz0/s-l225.jpg,,eBay,2026-10-09,False,FIXED_PRICE,Heuer Autavia GMT
Heuer Autavia GMT Automatic Chronograph Date Black Dial Steel Bracelet,,12500,USD,https://www.ebay.com/itm/407116854301?_skw=heuer+autavia+gmt&hash=item5eca0e341d:g:DQ0AAeSw9HxqcJK1,https://i.ebayimg.com/images/g/DQ0AAeSw9HxqcJK1/s-l225.jpg,,eBay,2026-10-09,False,FIXED_PRICE,Heuer Autavia GMT
Beautiful Baylor Pepsi GMT Chronograph Chrono V72 Valjoux 72 724 Autavia Heuer,,4995,USD,https://www.ebay.com/itm/156044060751?_skw=heuer+autavia+gmt&hash=item2454f3684f:g:zVUAAOSwKs1lv7UO,https://i.ebayimg.com/images/g/zVUAAOSwKs1lv7UO/s-l225.jpg,,eBay,2026-10-09,False,FIXED_PRICE,Heuer Autavia GMT
Heuer Autavia GMT Ref. 2446C MK2 Pepsi Vintage Chronograph,,12786,USD,https://www.ebay.com/itm/358790244673?_skw=heuer+autavia+gmt&hash=item538990a941:g:GFAAAeSwh0NqVWEi,https://i.ebayimg.com/images/g/GFAAAeSwh0NqVWEi/s-l225.jpg,,eBay,2026-10-09,False,FIXED_PRICE,Heuer Autavia GMT
Heuer Autavia Pepsi GMT (1163),,8100,USD,https://www.ebay.com/itm/405505271569?_skw=heuer+autavia+gmt&hash=item5e69ff6711:g:GWQAAOSwDPtnYFdp,https://i.ebayimg.com/images/g/GWQAAOSwDPtnYFdp/s-l225.jpg,,eBay,2026-10-09,False,FIXED_PRICE,Heuer Autavia GMT
VINTAGE HEUER AUTAVIA GMT CHRONOGRAPH MEN WRISTWATCH REF:11630 CIRCA:1974’s,,10582,USD,https://www.ebay.com/itm/276780227969?_skw=heuer+autavia+gmt&hash=item4071631d81:g:O5sAAeSwI19pUS~D,https://i.ebayimg.com/images/g/O5sAAeSwI19pUS~D/s-l225.jpg,,eBay,2026-10-09,False,FIXED_PRICE,Heuer Autavia GMT
Heuer Autavia 1163 GMT - Mark 2 'Red Needles' Tropical Dial 42mm Circa 1970s,,16314,USD,https://www.ebay.com/itm/127056373965?_skw=heuer+autavia+gmt&hash=item1d952668cd:g:Y8gAAOSw-9xn~zpj,https://i.ebayimg.com/images/g/Y8gAAOSw-9xn~zpj/s-l225.jpg,,eBay,2026-10-09,False,FIXED_PRICE,Heuer Autavia GMT
Heuer Autavia Stainless Steel Watch 1163,,6000,USD,https://www.ebay.com/itm/406737941826?_skw=heuer+autavia+gmt&hash=item5eb3787542:g:oq8AAeSwPU9pqKrl&amdata=enc%3AAQALAAAA8ACCtXRWQnOEpyOqnQQ8KGYAwU23ukf03Wn2bvn3hZAb3Qa2O25UiunBRmadEcN5y%2BsxIxBq%2FjC84%2B%2BaNHNNyJxlrn4mgVzyph5Y%2FxO3jW%2BMQjI97uVdF9mA1uOF%2Fi4tobjAdZ8kwUHzTeRc0a1p%2FxlD5bnHV0bYYHU4ih8FOvT9LSkHv3oSn97tyBb14OmIU7tA7vVJiqUdE0mIIDS6e%2BOroV0C%2F03r23A8%2BJdySBKMmsXLxm0bd1QwHgfEWCm1WQtcM%2Fy1UShTarszOqFwaOH7RpQsWl3cNPN9a9Dp7BguIgMI0Pk9ZySrh9RMWLExeg%3D%3D,https://i.ebayimg.com/images/g/oq8AAeSwPU9pqKrl/s-l225.jpg,,eBay,2026-10-09,False,FIXED_PRICE,Heuer Autavia GMT
HEUER GUBELIN AUTAVIA Valjoux Cal 72 Watch SS Chrono XXRARE For Parts or Repair,,7499,USD,https://www.ebay.com/itm/326959870906?_skw=heuer+autavia+gmt&hash=item4c2053b3ba:g:rKYAAeSwboRpa-Cf,https://i.ebayimg.com/images/g/rKYAAeSwboRpa-Cf/s-l225.jpg,,eBay,2026-10-09,False,FIXED_PRICE,Heuer Autavia GMT
Heuer Autavia 7763 Black TO337306,,10450,USD,https://www.ebay.com/itm/188919310973?_skw=heuer+autavia+gmt&hash=item2bfc77ea7d:g:U4UAAeSwhH5qpNTh&amdata=enc%3AAQALAAAA8ACCtXRWQnOEpyOqnQQ8KGYYugG73acE1YUFezU8z6Ku3sRSjwEn5XfXr%2FcMcP%2F%2Bk2Rkl6ZTnY%2FV0ufwdJQ3lXe3TDpN9thKgu4vvHLLyQ4MZBn2PQGY3VIPrWm3B0FEjYc%2FDnYmbzwaKPdCs4cyIbNvzTcYMcLoYF4A6lsfPUfsA2eUskscY4LvqJiz1UiyWJyq5VurnORAExgBiJhZhOgCNIYys60rmYTvB0DN5RDytrl0jDbYUriObqg9ZMcyGVHHA4VmOdDt8cSTO69Z1cKnU4QJlXf03b98IjKEJS9YokTn7ttJoY%2FBKujZtZ3%2FIg%3D%3D,https://i.ebayimg.com/images/g/U4UAAeSwhH5qpNTh/s-l225.jpg,,eBay,2026-10-09,False,FIXED_PRICE,Heuer Autavia GMT
Omega RARE Seamaster Soccer Chronograph 145.016 Grey Dial Manual Mens Watch $1NR,,0,USD,https://www.ebay.com/itm/117442285707?_skw=Omega+Seamaster+145.016&hash=item1b581b108b:g:E1UAAeSwuP5qvk9x,https://i.ebayimg.com/images/g/E1UAAeSwuP5qvk9x/s-l225.jpg,,eBay,2026-10-09,False,AUCTION,Omega Seamaster 145.016
RARE VINTAGE OMEGA SEAMASTER 145.016 CHRONOGRAPH Men's Watch From JAPAN,,4000,USD,https://www.ebay.com/itm/318541997985?_skw=Omega+Seamaster+145.016&hash=item4a2a9527a1:g:OQAAAeSw4kdqSRTR&amdata=enc%3AAQALAAABAACCtXRWQnOEpyOqnQQ8KGb6cl3kMxadfy0Ej4oNrVbbwC%2FQfGMbvi%2BBcpqXx9g%2BIh3K5mE13MSNtWKsvFs33JB%2FWxlmB6OdHx0XMQeIvS3AcPm3fzWLNo3BW5Qr2mzvGUWTvAEQJSPob9e6hfn3itLQ%2FWVB4%2B9WBEE8JNMxkiH3F6kHvC26TKMj%2FrSPySUsslCqexCL5jtCKcSzGFP2sinsCCtoKoPaaZJzBQqvQEX0ukveEbvGbH90hQ8iJwWxSOgHzD5UxLxnXjKM%2BN3Xcyf3M8BGKoD1NKq0q7Noxr3rXqxmB%2B0HYu%2BmGw1FpAXH2opHJq42FSPUlsb78pS%2FSqs%3D,https://i.ebayimg.com/images/g/OQAAAeSw4kdqSRTR/s-l225.jpg,,eBay,2026-10-09,False,FIXED_PRICE,Omega Seamaster 145.016
Vintage Omega Seamaster Soccer Timer Chronograph 145.016-69 Cal 861 38mm,,4000,USD,https://www.ebay.com/itm/128120583022?_skw=Omega+Seamaster+145.016&hash=item1dd494f36e:g:5IgAAeSwGNRqx7Zk,https://i.ebayimg.com/images/g/5IgAAeSwGNRqx7Zk/s-l225.jpg,,eBay,2026-10-09,False,FIXED_PRICE,Omega Seamaster 145.016
Omega Seamaster Chronograph 37mm Black Dial Mens Watch Cal. 861 145.016-68,,3325,USD,https://www.ebay.com/itm/318200370962?_skw=Omega+Seamaster+145.016&hash=item4a16385712:g:k2cAAeSw4G1p7CDx,https://i.ebayimg.com/images/g/k2cAAeSw4G1p7CDx/s-l225.jpg,,eBay,2026-10-09,False,FIXED_PRICE,Omega Seamaster 145.016
"RARE VINTAGE OMEGA SEAMASTER 145.016 CHRONOGRAPH, 18K GOLD CAL 861 MEN WATCH",,10500,USD,https://www.ebay.com/itm/287280525524?_skw=Omega+Seamaster+145.016&hash=item42e340f0d4:g:3OcAAeSw9G5p5BGV,https://i.ebayimg.com/images/g/3OcAAeSw9G5p5BGV/s-l225.jpg,,eBay,2026-10-09,False,FIXED_PRICE,Omega Seamaster 145.016
OMEGA Seamaster Chronograph Soccer Timer 145.016-68 #141,,6054,USD,https://www.ebay.com/itm/398449654293?_skw=Omega+Seamaster+145.016&hash=item5cc5733a15:g:adcAAeSwt-dqvgbc,https://i.ebayimg.com/images/g/adcAAeSwt-dqvgbc/s-l225.jpg,,eBay,2026-10-09,False,FIXED_PRICE,Omega Seamaster 145.016
Serviced Vintage Omega SeaMaster 145.016 Chronograph Watch 1968 Cal. 861 CPO,,3750,USD,https://www.ebay.com/itm/223745686813?_skw=Omega+Seamaster+145.016&hash=item3418483d1d:g:hBEAAeSwT65qGfxO,https://i.ebayimg.com/images/g/hBEAAeSwT65qGfxO/s-l225.jpg,,eBay,2026-10-09,False,FIXED_PRICE,Omega Seamaster 145.016
Vintage Omega Seamaster 18K Gold Chronograph Watch 145.016,,10500,USD,https://www.ebay.com/itm/176288135354?_skw=Omega+Seamaster+145.016&hash=item290b9778ba:g:W5AAAOSw9xpjGjql,https://i.ebayimg.com/images/g/W5AAAOSw9xpjGjql/s-l225.jpg,,eBay,2026-10-09,False,FIXED_PRICE,Omega Seamaster 145.016
