title,brand,price,priceOnRequest,url,img,description,source,sold
HEUER 510.501 PVD CHRONO,Heuer,3500,False,https://www.heuertime.com/kopie-van-ac-signature-autavia-ac10,https://static.wixstatic.com/media/b10fd7_0d65ce2807154c5d9e8173849d35bfe8~mv2.jpeg,,Heuertime,False
"""AC Signature"" Monaco - MC09",Other,0,True,https://www.heuertime.com/kopie-van-ac-signature-monaco-custom-1,https://static.wixstatic.com/media/b10fd7_0c0bcee693b04bb0b179cc405139d61e~mv2.jpeg,,Heuertime,False
ZENITH COMPAX - 18kt YELLOW GOLD,Zenith,0,True,https://www.heuertime.com/kopie-van-gigandet-rose-gold-chrono,https://static.wixstatic.com/media/b10fd7_d9c6455d43824ebe99d323fa8d0d3ee9~mv2.jpeg,,Heuertime,False
"""AC Signature"" Autavia - AC10",Other,0,True,https://www.heuertime.com/kopie-van-heuer-autavia-1163-gmt-1s,https://static.wixstatic.com/media/b10fd7_734ab727f47e463193edd1aa5ba2ddbe~mv2.jpeg,,Heuertime,False
HEUER YACHT TIMER REF.653.515,Heuer,0,True,https://www.heuertime.com/kopie-van-heuer-autavia-11630-gmt-1,https://static.wixstatic.com/media/b10fd7_8723bfd60d3f4743a57326178515283b~mv2.jpeg,,Heuertime,False
HEUER GOLDEN HOURS - POCKETWATCH,Heuer,0,True,https://www.heuertime.com/kopie-van-heuer-autavia-11630s-3,https://static.wixstatic.com/media/e39028_8435229fd28f48c88e0cee45d2370bd7~mv2.jpg,,Heuertime,False
LEJOUR - MARK 1 - SKIPPER,Lejour,1950,False,https://www.heuertime.com/kopie-van-heuer-autavia-1163mh,https://static.wixstatic.com/media/b10fd7_29ef1bfd03af4de6857b7b5950878f52~mv2.jpeg,,Heuertime,False
HEUER CALCULATOR 110.633,Heuer,3600,False,https://www.heuertime.com/kopie-van-heuer-autavia-1163mh-2,https://static.wixstatic.com/media/b10fd7_cdd51548c097458da8f3ea1fb8cb7f59~mv2.png,,Heuertime,False
BULOVA - AUTOMATIC CHRONOGRAH,Other,2850,False,https://www.heuertime.com/kopie-van-heuer-autavia-1163mh-3,https://static.wixstatic.com/media/b10fd7_17a92850814f4ad6b39d18923f4fe38d~mv2.jpeg,,Heuertime,False
HEUER AUTAVIA 11630T,Heuer,4950,False,https://www.heuertime.com/kopie-van-heuer-autavia-1163mh-4,https://static.wixstatic.com/media/b10fd7_bffc2c56ef6f454fb1f940f3e81712c8~mv2.jpeg,,Heuertime,False
HEUER AUTAVIA 1163MH,Heuer,4750,False,https://www.heuertime.com/kopie-van-heuer-autavia-1163v-2,https://static.wixstatic.com/media/b10fd7_4370291b67ef4de8a2499a5b16ca55bd~mv2.jpeg,,Heuertime,False
ABERCROMBIE & FITCH - AUTOGRAPH,Other,6700,False,https://www.heuertime.com/kopie-van-heuer-autavia-73463,https://static.wixstatic.com/media/b10fd7_1abc39cd91ff42dabd9703a6e6863342~mv2.jpg,,Heuertime,False
"""AC Signature"" Monaco - MC08",Other,0,True,https://www.heuertime.com/kopie-van-heuer-autavia-custom-ac,https://static.wixstatic.com/media/b10fd7_6da83769516f48fd90739792531882b0~mv2.jpg,,Heuertime,False
HEUER CARRERA - 2447N,Heuer,8700,False,https://www.heuertime.com/kopie-van-heuer-carrera-2447sn,https://static.wixstatic.com/media/b10fd7_fe3cbd43fedc4edbb5c98b99f0f0ac52~mv2.jpeg,,Heuertime,False
HEUER CARRERA -364S EGGSHELL,Heuer,0,True,https://www.heuertime.com/kopie-van-heuer-carrera-3647d-1,https://static.wixstatic.com/media/b10fd7_53d448d68762417290d9f3ff61644ec9~mv2.jpeg,,Heuertime,False
HEUER CARRERA - 2447SN,Heuer,0,True,https://www.heuertime.com/kopie-van-heuer-carrera-3647d-2,https://static.wixstatic.com/media/b10fd7_c256dcb12db64e0784a1dd9f10c8e7c2~mv2.jpg,,Heuertime,False
HEUER CARRERA - 7753SN - PANDA,Heuer,0,True,https://www.heuertime.com/kopie-van-heuer-carrera-3647d-3,https://static.wixstatic.com/media/b10fd7_1761aecf45364fe4b4f2259b246c1dc1~mv2.jpeg,,Heuertime,False
HEUER CARRERA - BAF,Heuer,8900,False,https://www.heuertime.com/kopie-van-heuer-carrera-364s-eggshell,https://static.wixstatic.com/media/b10fd7_267b56ff27d24fc2bb4caf6a38fff1c9~mv2.jpeg,,Heuertime,False
HEUER CARRERA - RE-ISSUE CS3111,Heuer,4600,False,https://www.heuertime.com/kopie-van-heuer-carrera-re-issue-1,https://static.wixstatic.com/media/b10fd7_e5cf6aee751047f79d97c3c3d8705f84~mv2.jpeg,,Heuertime,False
Rolex GMT Master - 126701BLRO,Rolex,0,True,https://www.heuertime.com/kopie-van-heuer-carrera-ref-3147s,https://static.wixstatic.com/media/b10fd7_ffd27dd475f1443a935c74e83b439429~mv2.jpeg,,Heuertime,False
HEUER CARRERA REF.3147N,Heuer,0,True,https://www.heuertime.com/kopie-van-heuer-carrera-ref-3147s-d,https://static.wixstatic.com/media/b10fd7_7463aa21187941db94c0445c6831b157~mv2.jpg,,Heuertime,False
HEUER TRACKSTAR REF.652.307,Heuer,375,False,https://www.heuertime.com/kopie-van-heuer-yacht-timer-ref-653-515,https://static.wixstatic.com/media/b10fd7_b559e972e5c147a79013a8199f056991~mv2.jpg,,Heuertime,False
FH - OMEGA,Omega,1700,False,https://www.heuertime.com/kopie-van-leonidas-triple-calendar,https://static.wixstatic.com/media/b10fd7_32b057721a7946e6bb5afc7d2f11d3a2~mv2.jpeg,,Heuertime,False
HEUER AUTAVIA CALIBRE 11 SIFFERT,Heuer,7400,False,https://www.heuertime.com/kopie-van-tag-heuer-autavia-siffert,https://static.wixstatic.com/media/b10fd7_9c98dd3b67444e7cbdc133dd76d197b6~mv2.jpeg,,Heuertime,False
HEUER CARRERA - HODINKEE SKIPPER,Heuer,0,True,https://www.heuertime.com/kopie-van-tag-heuer-monaco-18kt-yel,https://static.wixstatic.com/media/b10fd7_887dc25fa39f4032a9fa546144880e56~mv2.jpeg,,Heuertime,False
CHARLES NICOLET TRAMELAN,Other,0,True,https://www.heuertime.com/kopie-van-template-for-watches-12,https://static.wixstatic.com/media/e39028_feda6cfc254d4a20838521e90f277fc2~mv2.jpeg,,Heuertime,False
LEONIDAS TRIPLE CALENDAR,Other,3950,False,https://www.heuertime.com/kopie-van-template-for-watches-28,https://static.wixstatic.com/media/b10fd7_77ec545dd72a455d949fcf5ba37a76e9~mv2.jpeg,,Heuertime,False
JAEGER LeCOULTRE TRAVEL CLOCK,Other,720,False,https://www.heuertime.com/kopie-van-template-for-watches-30,https://static.wixstatic.com/media/b10fd7_e8bb6788996c49c7af98d2278fa3fc6e~mv2.jpeg,,Heuertime,False
GIGANDET - ROSE GOLD CHRONOGRAPH,Gigandet,0,True,https://www.heuertime.com/kopie-van-template-for-watches-6,https://static.wixstatic.com/media/e39028_43bde75089814acfb66d7e59cd18e133~mv2.jpeg,,Heuertime,False
JACQUES MONNAT CHRONOGRAPH,Other,0,True,https://www.heuertime.com/kopie-van-template-for-watches-7,https://static.wixstatic.com/media/e39028_0d1ebb7c575249bd91d5869b4e7dcc43~mv2.jpg,,Heuertime,False
NO NAME - ROSE GOLD CHRONOGRAPH,Other,0,True,https://www.heuertime.com/kopie-van-zenith-compax-18kt-yellow,https://static.wixstatic.com/media/b10fd7_98b5640dc8c642e5b75565d165f85e7f~mv2.jpg,,Heuertime,False
CHRONOGRAPHE SUISSE - 18kt ROSE GOLD,Other,0,True,https://www.heuertime.com/kopie-van-zenith-compax-18kt-yellow-1,https://static.wixstatic.com/media/b10fd7_f4fe001f8c2640d2b0e78f323aea4ecc~mv2.jpg,,Heuertime,False
