house,title,location,date_start,date_end,date_label,url,has_catalog,source
Sotheby's,Fine Watches,Paris,2026-09-23,2026-10-07,2026-09-23 – 2026-10-07,https://www.sothebys.com/en/buy/auction/2026/fine-watches-pf2660,True,Sotheby's
Sotheby's,Singapore Collectors&#x27; Edit: Watches,Singapore,2026-10-21,2026-10-28,2026-10-21 – 2026-10-28,https://www.sothebys.com/en/buy/auction/2026/singapore-collectors-edit-watches,True,Sotheby's
Sotheby's,Fine Jewelry & Watches,Milan,2026-10-14,2026-10-28,2026-10-14 – 2026-10-28,https://www.sothebys.com/en/buy/auction/2026/fine-jewelry-watches,True,Sotheby's
Sotheby's,"Part II: Une demeure princière, La résidence de son Altesse Cheikh Hamad Bin Abdullah Al Thani, Kunstkammer",Paris,2026-11-05,2026-11-05,2026-11-05,https://www.sothebys.com/en/buy/auction/2026/part-ii-une-demeure-princiere-la-residence-de-son-altesse-cheikh-hamad-bin-abdullah-al-thani-kunstkammer,True,Sotheby's
Sotheby's,"Part III: Une demeure princière, La résidence de son Altesse Cheikh Hamad Bin Abdullah Al Thani, L&#x27;écrin Art Déco",Paris,2026-11-05,2026-11-05,2026-11-05,https://www.sothebys.com/en/buy/auction/2026/part-iii-une-demeure-princiere-la-residence-de-son-altesse-cheikh-hamad-bin-abdullah-al-thani-lecrin-art-deco,True,Sotheby's
Sotheby's,Important Watches,Geneva,2026-11-08,2026-11-09,2026-11-08 – 2026-11-09,https://www.sothebys.com/en/buy/auction/2026/important-watches-ge2604,True,Sotheby's
Sotheby's,Fine Watches,Geneva,2026-10-27,2026-11-10,2026-10-27 – 2026-11-10,https://www.sothebys.com/en/buy/auction/2026/fine-watches-5,True,Sotheby's
Sotheby's,Important Watches,New York,2026-12-07,2026-12-07,2026-12-07,https://www.sothebys.com/en/buy/auction/2026/important-watches-2,True,Sotheby's
Sotheby's,Fine Watches,New York,2026-11-24,2026-12-09,2026-11-24 – 2026-12-09,https://www.sothebys.com/en/buy/auction/2026/fine-watches-8,True,Sotheby's
Sotheby's,Fine Watches,London,2026-12-04,2026-12-10,2026-12-04 – 2026-12-10,https://www.sothebys.com/en/buy/auction/2026/fine-watches-7,True,Sotheby's
Sotheby's,From the Vaults of A La Vieille Russie,New York,2026-12-16,2026-12-16,2026-12-16,https://www.sothebys.com/en/buy/auction/2026/from-the-vaults-of-a-la-vieille-russie,True,Sotheby's
