title,brand,price,url,img,description,source,date,sold
"Rolex Cellini, Ref. 5042/8, Yellow Gold",Rolex,125000,https://swisshours.com/products/rolex-cellini-ref-5042-8-yellow-gold,https://cdn.shopify.com/s/files/1/0669/3486/6176/files/DSC04078_4b1fc470-dcc2-491a-a93a-b1e920a01f0c.jpg?v=1788444902,".description p { margin-bottom: 18px; } Rolex Cellini Ref. 5042/8 crafted in 18k yellow gold, featuring a champagne dial with applied Roman numerals. Its 32mm case is complemented by the beautiful original integrated bracelet, and houses the manual wind movement Calibre 1602. In excellent overall condition, with a total length of 19cm, and accompanied by original Guarantee dated 2004. Brand Rolex ",Swiss Hours,2026-09-03,False
"Audemars Piguet Cobra, Blue Dial with Diamond Index, White Gold",Audemars Piguet,150000,https://swisshours.com/products/audemars-piguet-cobra-blue-dial-with-diamond-index-white-gold,https://cdn.shopify.com/s/files/1/0669/3486/6176/files/DSC01314.jpg?v=1787840064,".description p { margin-bottom: 18px; } Audemars Piguet Cobra in 18k white gold, featuring a dark blue dial with diamond hour markers and diamond-set hands. The 26.5mm case integrates with the thick woven “serpentine” bracelet, crafted by Roland‑Gilbert Gaschen and signed “GRG” at the clasp. Weighing 134.5 grams, its presence is unmistakable. Manual wind. Circa 1979. Total length: approx. 17cm Bra",Swiss Hours,2026-08-27,False
"Patek Philippe Calatrava, Ivory-white dial with diamond markers, Ref. 3893, Platinum",Patek Philippe,293000,https://swisshours.com/products/patek-philippe-calatrava-ivory-white-dial-diamond-markers-ref-3893-platinum,https://cdn.shopify.com/s/files/1/0669/3486/6176/files/DSC00273_820d285a-b444-4e3b-96ee-66b36f3ebd97.jpg?v=1787581133,".description p { margin-bottom: 18px; } Rare platinum Patek Philippe Calatrava, Ref. 3893, distinguished by its diamond hour markers set upon the ivory‑white dial, and its platinum construction - a configuration seldom encountered for this reference, marking this example as one of extraordinary distinction. The case measures 33mm across and houses the manual wind calibre 215 PS. Presented on a Pat",Swiss Hours,2026-08-24,False
"Harry Winston Premier Excenter Timezone, Ref. PRNATZ41, Rose Gold",Harry Winston,129000,https://swisshours.com/products/harry-winston-premier-excenter-timezone-ref-prnatz41-rose-gold,https://cdn.shopify.com/s/files/1/0669/3486/6176/files/DSC08182.jpg?v=1787405351,"Harry Winston Premier Excenter Timezone, Ref. PRNATZ41 - a charming travel companion crafted in 18k rose gold. Its black dial features an off‑centre time display, 24‑hour retrograde second time zone, large date aperture, and a day/night indicator. Sized at 41mm, the case houses automatic calibre HW1013 with 32 jewels. This example remains in excellent condition, accompanied by its original HW 18k ",Swiss Hours,2026-08-22,False
"Patek Philippe Calatrava, Ivory dial, Diamond markers, Ref. 3998P, Platinum",Patek Philippe,239000,https://swisshours.com/products/patek-philippe-calatrava-ivory-dial-diamond-markers-ref-3998p-platinum,https://cdn.shopify.com/s/files/1/0669/3486/6176/files/DSC08661_d2d1b3c3-ac4e-494d-ba41-f67929058f43.jpg?v=1787062541,".description p { margin-bottom: 18px; } Platinum Patek Philippe Calatrava, Ref. 3998P. Featuring an ivory dial set with round diamond hour markers and baguette diamonds at 12, 6, and 9 o’clock. All original. Its 34mm platinum case, with a smooth bezel and screwback, houses the automatic Calibre 315. Condition is excellent with deep, crisp hallmarks. Presented on a Patek Philippe strap with 950 pla",Swiss Hours,2026-08-18,False
"Patek Philippe ""Nautellipse"", Ref. 3770/1JA, Stainless steel and Yellow Gold",Patek Philippe,360000,https://swisshours.com/products/patek-philippe-nautellipse-ref-3770-1ja-stainless-steel-yellow-gold,https://cdn.shopify.com/s/files/1/0669/3486/6176/files/DSC07933_b07130a3-913b-443e-b9a7-52dc104f3c5d.jpg?v=1786980265,".description p { margin-bottom: 18px; } Patek Philippe “Nautellipse” Ref. 3770/1JA. A rare reference, seldom seen. This one, made in two-tone steel and 18k yellow gold, features a warm champagne dial. Its case is 35mm wide and houses the ultra‑thin quartz calibre E27. Circa 1980s. Serviced by Patek Philippe in December 2025. Total length: approx. 16.5cm Brand Patek Philippe Reference 3770/1JA Func",Swiss Hours,2026-08-17,False
"Vacheron Constantin Ostendere Kalla, Baguette Diamonds, White Gold",Vacheron Constantin,460000,https://swisshours.com/products/vacheron-constantin-ostendere-kalla-baguette-diamonds-white-gold,https://cdn.shopify.com/s/files/1/0669/3486/6176/files/DSC09166_ec9d1938-2320-45f8-8d35-080c48a00a88.jpg?v=1786865171,".description p { margin-bottom: 18px; } Vacheron Constantin Ostendere Kalla. Rare and magnificent, sculpted in 18K white gold and lavishly set with baguette diamonds — a creation of pure extravagance. Its twelve‑sided case, faceted dial, and jewelled lugs shimmer with brilliance at every angle, transforming the watch into a jewel of light. Case dia. 33mm. Manual wind. The brilliance continues in i",Swiss Hours,2026-08-16,False
"Audemars Piguet Bamboo, Manual wind, AP Logo Diamond Index, White Gold",Audemars Piguet,350000,https://swisshours.com/products/audemars-piguet-bamboo-manual-wind-ap-logo-diamond-index-white-gold,https://cdn.shopify.com/s/files/1/0669/3486/6176/files/DSC03079_e33fadd0-182b-4b97-89b0-51e00ea76b10.jpg?v=1786633776,".description p { margin-bottom: 18px; } Audemars Piguet Bamboo in 18k white gold, manual winding. Silver dial with “AP” logo pattern and diamond indexes. Case dia. 27mm; total length approx.18cm. In excellent condition. Circa 1989. Brand Audemars Piguet Functions Hours, minutes Case material 18K White Gold Case diameter 27mm Movement Manual wind Bracelet Audemars Piguet 18K white gold bracelet Per",Swiss Hours,2026-08-13,False
"Seiko Credor Signo, Skeleton dial, Ref. GBBD998, Yellow Gold",Seiko Credor,49800,https://swisshours.com/products/seiko-credor-signo-skeleton-dial-ref-gbbd998-yellow-gold,https://cdn.shopify.com/s/files/1/0669/3486/6176/files/DSC09346_6953ef87-43b3-480a-a140-6bd9dc9b33c3.jpg?v=1786543676,".description p { margin-bottom: 18px; } Seiko Credor Signo Ref. GBBD998 crafted in 18k yellow gold. The dial opens at the center to reveal the skeletonised manual wind Calibre 6988, its golden mechanics beautifully engraved in fine detail. The 33mm case features a display back, granting another look at the movement. Some light patina rests upon the case and matching Credor 18k yellow gold tang buc",Swiss Hours,2026-08-12,False
"Cartier Must De Cartier Tank, Trinity dial, Vermeil",Cartier,25000,https://swisshours.com/products/cartier-must-de-cartier-tank-trinity-dial-vermeil,https://cdn.shopify.com/s/files/1/0669/3486/6176/files/DSC03510_bb508974-1744-4077-9fa1-b32da0a5f368.jpg?v=1785419659,".description p { margin-bottom: 18px; } Cartier Tank Must with a striking dial of tricolour gold - yellow, white, and rose - Cartier’s Trinity. Its vermeil case is 23.5mm wide, has a blue cabochon crown, and houses the manual winding movement. Comes with a gold plated Cartier tang buckle and accompanied by box and guarantee card. Circa 1980s, this example stands in very good original condition. Br",Swiss Hours,2026-07-30,False
"Breguet Classique, Ref. 3910, White Gold",Breguet,69500,https://swisshours.com/products/breguet-classique-ref-3910-white-gold,https://cdn.shopify.com/s/files/1/0669/3486/6176/files/DSC05276_caad9432-b747-449d-bd8c-33dc459b0cec.jpg?v=1785157739,".description p { margin-bottom: 18px; } Breguet Classique Ref. 3910 in 18K white gold, featuring hobnail guilloché with Roman numeral cartouche hour markers, and a small seconds dial decorated with a guilloché wave motif. The coin‑edge case measures 34.5mm across and houses the manual wind movement. Presented with a Breguet tang buckle in 18K white gold. Circa 1999. Brand Breguet Reference 3910 Fu",Swiss Hours,2026-07-27,False
"Jaeger-LeCoultre “Mystery” Dial, Ref. 7675, Yellow Gold",Jaeger-LeCoultre,74000,https://swisshours.com/products/jaeger-lecoultre-mystery-dial-ref-7675-yellow-gold,https://cdn.shopify.com/s/files/1/0669/3486/6176/files/DSC01526_f84837fc-26c6-47c4-b003-988ddbb8008d.jpg?v=1784529730,".description p { margin-bottom: 18px; } Jaeger‑LeCoultre “Mystery” Ref. 7675, crafted in 18k yellow gold. An intriguing design, its dial is composed of sapphire crystal with a small champagne‑coloured disc at the centre. A study of illusion, the hands appear to float, seemingly disconnected from any mechanism, an impression heightened by the absence of a crown at 3 o’clock. The watch is in fact wo",Swiss Hours,2026-07-21,False
"Patek Philippe Gondolo, Factory diamond bezel, Ref. 3528/2, White Gold",Patek Philippe,129000,https://swisshours.com/products/patek-philippe-gondolo-ref-3528-2-white-gold-and-diamond-set,https://cdn.shopify.com/s/files/1/0669/3486/6176/files/DSC02158_907cdc3d-edb5-4bb5-b033-1c36839f1df4.jpg?v=1783869251,".description p { margin-bottom: 18px; } Patek Philippe Gondolo, Ref. 3528/2, in 18K white gold with a factory diamond-set bezel. The sunburst blue dial is accented by slim white hour markers and slender hands, framed by 62 brilliant‑cut diamonds. The case, measuring 32mm by 26mm, integrates with the 18K white gold bracelet, which features a distinctive textured finish. Powered by the manual-wind c",Swiss Hours,2026-07-12,False
"Cartier Feline de Cartier, Ref. HPI00341, White Gold and Diamonds",Cartier,500000,https://swisshours.com/products/cartier-feline-de-cartier-ref-hpi00341-white-gold-and-diamonds,https://cdn.shopify.com/s/files/1/0669/3486/6176/files/DSC09948.jpg?v=1783607261,".description p { margin-bottom: 18px; } Cartier Feline de Cartier, Ref. HPI00341, crafted in 18K white gold, its case sculpted in the form of Cartier’s iconic Panther, intensified by two piercing emerald eyes and pavé diamonds shimmering across its feline silhouette. The case, 33mm wide, frames a silver dial and houses a quartz movement. Presented on a Cartier leather strap with an 18K white gold ",Swiss Hours,2026-07-09,False
"Gerald Genta Jumping Hour with Retrograde Minutes Bracelet Watch, Mother of Pearl Dial, Ref. G.3634, Yellow Gold",Gerald Genta,265000,https://swisshours.com/products/gerald-genta-jumping-hour-retrograde-minutes-bracelet-watch-mother-of-pearl-dial-ref-g3634-yellow-gold,https://cdn.shopify.com/s/files/1/0669/3486/6176/files/DSC06330_f87b724d-b3ec-4a2e-b2dd-b7df6025defa.jpg?v=1782914796,".description p { margin-bottom: 18px; } A meeting of two legends: This is Gerald Genta’s Retro Classic Jumping Hour with Retrograde Minutes wristwatch, Ref. G3634, with its bracelet crafted by the renowned Gay Frères. Rare and remarkable, it is constructed in 18k yellow gold and weighs a substantial 170 grams. A reference already rare to find on a bracelet, the presence of Gay Frères’ hallmark on ",Swiss Hours,2026-07-01,False
"Vacheron Constantin Perpetual Calendar, Factory-set diamond bezel, Ref. 43031/3, Platinum",Vacheron Constantin,375000,https://swisshours.com/products/vacheron-constantin-perpetual-calendar-factory-diamond-bezel-ref-43031-3-platinum,https://cdn.shopify.com/s/files/1/0669/3486/6176/files/DSC07615.jpg?v=1782533208,".description p { margin-bottom: 18px; } A platinum Vacheron Constantin Perpetual Calendar, Ref. 43031/3 - rarer than its yellow gold counterpart - featuring a factory‑set diamond bezel that lends a restrained opulence to the watch. The opaline dial is smooth, with three gently recessed subdials charting the day, date, month, and leap year, above a lapis lazuli moon phase at 6 o’clock. T he self‑wi",Swiss Hours,2026-06-27,False
"Cartier Tank Obus Mécanique, Ref. 2380, Yellow Gold",Cartier,105000,https://swisshours.com/products/cartier-tank-obus-mecanique-ref-2380-yellow-gold,https://cdn.shopify.com/s/files/1/0669/3486/6176/files/DSC04732.jpg?v=1782224398,".description p { margin-bottom: 18px; } Cartier Tank Obus Mécanique Ref. 2380 in 18k yellow gold. Its square Obus case, measuring 26.5mm across and defined by distinctive bullet‑shaped lugs, features a sapphire display back revealing the hand‑wound Calibre 430 MC decorated with Cartier’s Double‑C motif. The silvery guilloché dial is detailed with black Roman numerals, Arabic five‑minute markers, a",Swiss Hours,2026-06-23,False
"Patek Philippe Gondolo, Rare ivory glazed dial, Ref. 5009, Yellow Gold",Patek Philippe,138000,https://swisshours.com/products/patek-philippe-gondolo-rare-ivory-glazed-dial-ref-5009-yellow-gold,https://cdn.shopify.com/s/files/1/0669/3486/6176/files/DSC01866.jpg?v=1781620005,".description p { margin-bottom: 18px; } Patek Philippe Gondolo Ref. 5009 in 18k yellow gold, featuring a rare ivory glazed dial. Described as “fond glacé ivoire” on its Certificate of Origin, the dial has a smooth glazed finish in an ivory tone with a delicate grey‑pink hue, accented by applied baton hour markers. The Gondolo case measures 35.5mm x 39mm and houses the manual winding Calibre 215. T",Swiss Hours,2026-06-16,False
"Cartier Limited Edition Large Tank Chinoise, Pavé Diamond Dial and Enamel Panther Motif, Ref. WE300551, Yellow Gold",Cartier,420000,https://swisshours.com/products/cartier-limited-edition-large-tank-chinoise-enamel-panther-motif-ref-we300551-yellow-gold,https://cdn.shopify.com/s/files/1/0669/3486/6176/files/DSC01305.jpg?v=1781529121,".description p { margin-bottom: 18px; } Rare and limited Cartier Large Tank Chinoise Ref. WE300551 in 18K yellow gold. One of only 20 pieces produced, this numbered example features a pavé diamond dial and Cartier’s storied Panther motif rendered in enamel and yellow gold across the dial and case‑top. Its distinctive Tank Chinoise case — among Cartier’s rarest Tank designs, with bold geometry insp",Swiss Hours,2026-06-15,False
"A. Lange & Sohne 1815 First Generation, Ref. 206.025, Platinum",A. Lange & Sohne,150000,https://swisshours.com/products/a-lange-sohne-1815-first-generation-ref-206-025-platinum,https://cdn.shopify.com/s/files/1/0669/3486/6176/files/DSC04978.jpg?v=1785477595,".description p { margin-bottom: 18px; } A platinum A. Lange & Sohne 1815 First Generation. Ref. 206.025. This piece belongs to the first series of Lange 1815. It measures 35.9mm in diameter and has a lovely silver dial with blued steel hands and a sub-register for the running seconds. Powering the watch is the manual wind movement L941.1, which can be seen through the watch’s display back. This ex",Swiss Hours,2024-05-08,False
"A. Lange & Sohne Sax-O-Mat,  Ref. 301.021, Yellow Gold",A. Lange & Sohne,138000,https://swisshours.com/products/a-lange-sohne-sax-o-mat-ref-301-021-yellow-gold,https://cdn.shopify.com/s/files/1/0669/3486/6176/files/DSC05695_2ed8a9e9-3073-4bce-9a4d-ab860bcef27b.jpg?v=1785471367,"A. Lange & Sohne Sax-O-Mat, Ref. 301.021, crafted in 18K yellow gold. It features a champagne dial with a blue subsidiary seconds hand. Powered by an automatic movement with a zero-reset function, which is a type of hacking mechanism whereby the seconds hand will stop and jump to zero when the crown is pulled (for accurate time setting). Case diameter 37mm. With A. Lange & Sohne leather strap and ",Swiss Hours,2023-09-13,False
"A. Lange & Sohne Richard Lange Exclusive Boutique Edition, Ref. 232.026, White Gold",A. Lange & Sohne,205000,https://swisshours.com/products/a-lange-sohne-richard-lange-exclusive-boutique-edition-ref-232-026-white-gold,https://cdn.shopify.com/s/files/1/0669/3486/6176/files/DSC06984_875edc87-3996-4eeb-abb5-ca016b6e21db.jpg?v=1779779715,"A.Lange & Söhne Richard Lange, Ref. 232.026, crafted in 18k white gold. An exclusive Lange boutique edition, this example comes complete, accompanied by its original box and paper. Case diameter 40.5mm. Manual wind. With A.Lange & Söhne leather strap and A.Lange & Söhne 18K white gold tang buckle. Circa 2014. Brand A. Lange & Sohne Reference 232.026 Functions Hours, minutes, seconds Case material ",Swiss Hours,2023-04-24,False
"Piaget Two-tone Polo, Roman Numerals Dial, Ref. 791C701, Yellow and White Gold",Piaget,176000,https://swisshours.com/products/piaget-polo-ref-791c701-two-tone-roman-numerals-dial-yellow-and-white-gold,https://cdn.shopify.com/s/files/1/0669/3486/6176/files/DSC09055.jpg?v=1781190242,".description p { margin-bottom: 18px; } Piaget Polo Ref. 791C701 — Striking two‑tone 18k yellow and white gold, 30mm wide with a long 19cm bracelet. Quartz movement. Its champagne dial features black Roman numerals framing a railway minute track, paired with matching slender black hands. This example is unpolished and preserved in excellent condition, complete with Certificate of Origin dated 1982",Swiss Hours,2026-06-11,False
"Cartier Baignoire, Ref. 2311, Rose Gold",Cartier,74000,https://swisshours.com/products/cartier-baignoire-ref-2311-rose-gold,https://cdn.shopify.com/s/files/1/0669/3486/6176/files/DSC00182_b45c32d2-5e80-4bed-91b6-3d775c4f449f.jpg?v=1780409020,".description p { margin-bottom: 18px; } Rare Cartier Baignoire Ref. 2311, crafted in 18k rose gold. The oval case, 23 x 31mm, is defined by gently curved contours that evoke its name, “baignoire,” French for bathtub. Powered by a quartz movement and fitted with a Cartier strap and 18k rose gold tang buckle. In excellent condition. Circa 2000s. Brand Cartier Reference 2311 Functions Hours, minutes ",Swiss Hours,2026-06-02,False
"Vacheron Constantin, Rare Vertical Indexes and Florentine Finish, Ref. 6394Q, Yellow Gold",Vacheron Constantin,65000,https://swisshours.com/products/vacheron-constantin-ref-6394q-rare-vertical-indexes-florentine-finish-yellow-gold,https://cdn.shopify.com/s/files/1/0669/3486/6176/files/DSC06986_b694c7e8-262e-4a86-b363-bfb7120c4c85.jpg?v=1781013530,".description p { margin-bottom: 18px; } V acheron Constantin Ref. 6394Q in 18k yellow gold, featuring a silvery sunburst dial with rare applied vertical indexes — an unusual and striking departure from conventional hour markers. The 36mm case has an intricate Florentine cross-hatch finish with stepped lugs and a screwback, housing self‑winding movement Calibre K1072. Fitted with its original 18k y",Swiss Hours,2026-06-09,False
"Patek Philippe Ellipse, Ref. 4830G, White Gold",Patek Philippe,77000,https://swisshours.com/products/patek-philippe-ellipse-ref-4830g-white-gold,https://cdn.shopify.com/s/files/1/0669/3486/6176/files/DSC00845_978abd70-e74b-4c39-91bd-433317eacc15.jpg?v=1780842918,".description p { margin-bottom: 18px; } Patek Philippe Ellipse Ref. 4830G in 18k white gold, featuring a white dial with black Roman numerals and sword-shaped hands. An elegant design, its 23mm Ellipse case houses a quartz movement and comes paired with its original Patek Philippe 18k white gold Ellipse buckle. Circa 1990s. Brand Patek Philippe Reference 4830G Functions Hours, minutes Case materia",Swiss Hours,2026-06-07,False
"Patek Philippe Ellipse, Ref. 3584/1, White Gold",Patek Philippe,135000,https://swisshours.com/products/patek-philippe-ellipse-ref-3584-1-white-gold,https://cdn.shopify.com/s/files/1/0669/3486/6176/files/DSC00356_b5a28fc9-63da-445d-9c8e-8c86fc3ab236.jpg?v=1778935950,".description p { margin-bottom: 18px; } Patek Philippe Ellipse Ref. 3584/1 in 18k white gold with an integrated bracelet, a beautifully preserved example from the 1970s. It features an original blue dial with applied baton markers, framed by a thick brushed bezel. The Ellipse case measures 27 x 32mm and houses the manual winding calibre 23‑300. Accompanying this piece is an Extract from the Archiv",Swiss Hours,2026-05-16,False
"Patek Philippe Calatrava, Ref. 3425R, Rose Gold",Patek Philippe,165000,https://swisshours.com/products/patek-philippe-calatrava-ref-3425r-rose-gold,https://cdn.shopify.com/s/files/1/0669/3486/6176/files/DSC09178.jpg?v=1777878714,".description p { margin-bottom: 18px; } Patek Philippe Calatrava in 18k rose gold, Ref. 3425R. A simple and timeless beauty, it features a light ivory coloured dial with applied rose gold hour markers, housed in a 33.5mm case with gracefully tapered lugs, a screw-back and a “double-P” crown. Powered by the self-winding Calibre 27-460. Fitted with a Patek Philippe 18k rose gold tang buckle and acco",Swiss Hours,2026-05-04,False
"Vacheron Constantin Les Historiques Chronograph, Ref. 47001, Yellow Gold",Vacheron Constantin,104000,https://swisshours.com/products/vacheron-constantin-les-historiques-chronograph-ref-47001-yellow-gold,https://cdn.shopify.com/s/files/1/0669/3486/6176/files/DSC03729_f06f4085-7ea3-4fdc-9d2d-e4e90f2ad0f3.jpg?v=1777557472,".description p { margin-bottom: 18px; } Vacheron Constantin Les Historiques Chronograph Ref. 47001. Crafted in 18k yellow gold, this 38mm chronograph features a stepped bezel framing a white guilloché dial with applied hour markers and three sub‑registers: small seconds at 12 o’clock, a 30‑minute counter at 9, and a 12‑hour register at 6. Powered by the self‑winding calibre 1126. Fitted with a Vac",Swiss Hours,2026-04-30,False
"Chopard Skeleton Wristwatch, Diamond-set bezel, Yellow Gold",Chopard,65000,https://swisshours.com/products/chopard-skeleton-diamond-set-bezel-yellow-gold,https://cdn.shopify.com/s/files/1/0669/3486/6176/files/DSC07019_e6b70b47-1e43-48db-8686-9aa2604e3c3e.jpg?v=1777387658,".description p { margin-bottom: 18px; } A Chopard Skeleton from the 1980s, crafted in 18k yellow gold with an original diamond-set bezel. Its manual wind movement, fully exposed and intricately hand-engraved, is a showcase of fine watchmaking artistry - visible front and back, it refuses to hide its beauty. Look closer and you’ll find discreet markers painted on the underside of the glass, a cleve",Swiss Hours,2026-04-28,False
"Louis Moinet Memoris Spirit Chronograph Limited Edition, Ref. LM-84.20.50, Titanium",Louis Moinet,160000,https://swisshours.com/products/louis-moinet-memoris-spirit-chronograph-limited-edition-ref-lm-84-20-50-titanium,https://cdn.shopify.com/s/files/1/0669/3486/6176/files/DSC02915.jpg?v=1776352976,".description p { margin-bottom: 18px; } Louis Moinet Memoris Spirit Chronograph Limited Edition, Ref. LM-84.20.50. Louis Moinet stands out for creating ultra‑limited watches that showcase exotic materials, bold designs, and complex mechanical complications. Each piece is either unique or part of a small edition, underscoring its exclusivity and prestige. This Memoris Spirit is limited to just 60 p",Swiss Hours,2026-04-16,False
"Patek Philippe Gondolo Bracelet Watch, Ref. 5030/22, White Gold",Patek Philippe,250000,https://swisshours.com/products/patek-philippe-gondolo-bracelet-watch-ref-5030-22-white-gold,https://cdn.shopify.com/s/files/1/0669/3486/6176/files/DSC06979.jpg?v=1775399222,".description p { margin-bottom: 18px; } Patek Philippe Gondolo Ref. 5030, crafted in 18k white gold — a rare one not often found on a bracelet. Its silvered dial features applied Breguet numerals, a date aperture, and Breguet-style hands. The case is a beautiful tonneau shape, 34mm wide, with a snap-on case back. Inside, the self-winding calibre 315 powers the watch, and proudly bears the Geneva S",Swiss Hours,2026-04-05,False
"Piaget Ref. 9771 A20, Shell dial, Yellow Gold",Piaget,245000,https://swisshours.com/products/piaget-ref-9771-a20-rare-shell-dial-yellow-gold,https://cdn.shopify.com/s/files/1/0669/3486/6176/files/DSC03414.jpg?v=1774699789,".description p { margin-bottom: 18px; } Magnificent Piaget Ref. 9771 A20 — Rare shell dial, 18k yellow gold. Two kinds of shell ignite the design: luminous Mother of Pearl at the centre, framed by iridescent shell, shimmering with hypnotic allure. With every subtle shift of the wrist, a new kaleidoscope of colour is revealed 🐚🍭 The integrated bracelet is equally striking, sculpted in textured gold",Swiss Hours,2026-03-28,False
"Patek Philippe Perpetual Calendar, Signed Tiffany & Co., Ref. 5327R, Rose Gold",Patek Philippe,795000,https://swisshours.com/products/patek-philippe-perpetual-calendar-signed-tiffany-co-ref-5327r-rose-gold,https://cdn.shopify.com/s/files/1/0669/3486/6176/files/DSC07644_c78ff500-1aaa-4a93-961d-6d209eefefbb.jpg?v=1773930078,".description p { margin-bottom: 18px; } Stunning Tiffany‑Signed Patek Philippe Perpetual Calendar Ref. 5327R in 18k rose gold. Its rare Tiffany & Co. dual‑signature brings provenance and distinction, with such examples produced in limited numbers. Originally sold through Tiffany in 2018, this example is complete with its Certificate of Origin confirming Tiffany retail, rotor box, and additional so",Swiss Hours,2026-03-19,False
"Vacheron Constantin Les Historiques Triple Calendar, Ref. 47051, White Gold",Vacheron Constantin,102000,https://swisshours.com/products/vacheron-constantin-les-historiques-triple-calendar-ref-47051-white-gold,https://cdn.shopify.com/s/files/1/0669/3486/6176/files/DSC06286_12e43c0f-5df3-489d-85e9-adfa016128b2.jpg?v=1773496801,".description p { margin-bottom: 18px; } Beautiful Vacheron Constantin Les Historiques Triple Calendar, Ref. 47051, crafted in 18k white gold. It features a silvered dial with apertures for the day and month, and a brushed silver chapter ring displaying the date, indicated by a blue half‑moon tipped hand. The case is 36mm with a solid case back, housing automatic movement Calibre 1126. This example",Swiss Hours,2026-03-14,False
"Patek Philippe Ellipse, Ref. 3844, Yellow Gold",Patek Philippe,90000,https://swisshours.com/products/patek-philippe-ellipse-ref-3844-yellow-gold,https://cdn.shopify.com/s/files/1/0669/3486/6176/files/DSC05965_0aed2370-7da4-4ec6-b1aa-1c6633c4ed78.jpg?v=1773322128,".description p { margin-bottom: 18px; } Patek Philippe Ellipse Ref. 3844. Crafted in 18k yellow gold, this Ellipse features a soft cushion silhouette, a TV-shaped case measuring 33mm wide. Its champagne Sigma dial carries a warm golden hue and applied baton markers. Powered by manual winding Calibre 215, with 18 jewels. Fitted with a Patek Philippe strap and 18k yellow gold tang buckle. Circa late",Swiss Hours,2026-03-12,False
"Patek Philippe Perpetual Calendar, Ref. 3940R, Rose Gold",Patek Philippe,540000,https://swisshours.com/products/patek-philippe-perpetual-calendar-ref-3940r-rose-gold,https://cdn.shopify.com/s/files/1/0669/3486/6176/files/DSC04399.jpg?v=1772719377,".description p { margin-bottom: 18px; } Patek Philippe Perpetual Calendar Ref. 3940R. Crafted in 18k rose gold, this fourth‑series example features an opaline dial with a complete suite of calendar indications - day, date, month, leap year, moonphase, and 24‑hour time - powered by the slim, self-winding Calibre 240 Q. The movement, beautifully finished and stamped with the Geneva Seal, is visible ",Swiss Hours,2026-03-05,False
"Rolex Blue Dial Datejust, Ref. 16234, Double-signed Tiffany & Co., Steel",Rolex,170000,https://swisshours.com/products/rolex-blue-dial-datejust-ref-16234-double-signed-tiffany-co-steel,https://cdn.shopify.com/s/files/1/0669/3486/6176/files/DSC02860_256c0997-48e3-4dcd-a3b8-ab51901c65e6.jpg?v=1772288208,".description p { margin-bottom: 18px; } A rare and highly desirable Rolex Datejust Ref. 16234 distinguished by its coveted Tiffany & Co. double signature. Originally sold through Tiffany in 1992, this example is offered with remarkable completeness: its Tiffany-stamped Rolex papers, Tiffany invoice, Tiffany box, Rolex service card from 2022, and even its original caseback sticker and spare links. ",Swiss Hours,2026-02-28,False
"Blancpain Villeret Minute Repeater, Yellow Gold",Blancpain,320000,https://swisshours.com/products/blancpain-villeret-minute-repeater-yellow-gold,https://cdn.shopify.com/s/files/1/0669/3486/6176/files/DSC08213_5b766bac-86b0-44d0-85e3-ab7573360654.jpg?v=1756049746,".description p { margin-bottom: 18px; } A beautiful Blancpain Villeret Minute Repeater, crafted in 18k yellow gold. Its design is elegantly restrained, yet within its 34mm case lies one of horology’s most intricate complications: the minute repeater. With a gentle push of the lever discreetly set into the side of the case, the repeater turns time into sound, producing a warm, melodic chime to rela",Swiss Hours,2025-08-24,False
"Gerald Genta Retro Fantasy Donald Duck, Automatic, Ref. G.3632, Steel and Gold",Gerald Genta,120000,https://swisshours.com/products/gerald-genta-retro-fantasy-donald-duck-ref-3632-steel-and-gold,https://cdn.shopify.com/s/files/1/0669/3486/6176/files/DSC07846.jpg?v=1785651987,".description p { margin-bottom: 18px; } A charming Gerald Genta Retro Fantasy Donald Duck, Ref. G.3632, crafted in stainless steel and gold. This self-winding timepiece features a mother-of-pearl dial with a jump hour window and retrograde minutes. Its 36mm steel case has a gold bezel and crown, and is complemented by a GG two-tone tang buckle. A delightful piece from the 1990s presented with its ",Swiss Hours,2025-04-02,False
"Piaget Dancer, Champagne Dial with Lapis Lazuli Hour Markers, Ref. 94023 N, Yellow Gold",Piaget,48000,https://swisshours.com/products/piaget-dancer-champagne-dial-with-lapis-lazuli-hour-markers-ref-94023n-yellow-gold,https://cdn.shopify.com/s/files/1/0669/3486/6176/files/DSC00742_abe60321-7f58-4e02-b3f9-f8116ba9c5b2.jpg?v=1769147325,".description p { margin-bottom: 18px; } Piaget Dancer Ref. 94023 N, crafted in 18k yellow gold, featuring a radiant sunburst champagne dial with striking blue lapis lazuli stone hour markers. Its 31mm case has a flat graduated bezel and houses the manual wind movement. Fitted on a Piaget leather strap with 18k yellow gold tang buckle. Circa 1990s. Brand Piaget Reference 94023 N Functions Hours, mi",Swiss Hours,2025-05-27,False
"Vacheron Constantin 1972 Asymmetric with Original Diamond-set Bezel, Ref. 37510/000G, White Gold",Vacheron Constantin,93000,https://swisshours.com/products/vacheron-constantin-1972-asymmetric-original-diamond-set-bezel-ref-37510-000g-white-gold,https://cdn.shopify.com/s/files/1/0669/3486/6176/files/DSC02434_6b2e9825-e96e-460b-b364-4042de3220c0.jpg?v=1746715152,".description p { margin-bottom: 18px; } A delightful Vacheron Constantin 1972 Asymmetric, manual winding and crafted in 18k white gold with an original diamond-set bezel. Ref. 37510/000G. Its unusual, slightly trapezoidal case shape is a nod to the 1970s' experimentation with unconventional designs, and is complemented by a brushed silver dial with stylised black numerals and baton hour markers th",Swiss Hours,2025-05-08,False
"Piaget Polo, Ref. 8306 C701, Onyx dial with diamond markers, Yellow Gold",Piaget,110000,https://swisshours.com/products/piaget-polo-ref-8306-c701-onyx-dial-with-diamond-markers-yellow-gold,https://cdn.shopify.com/s/files/1/0669/3486/6176/files/DSC01914.jpg?v=1771946374,".description p { margin-bottom: 18px; } A Piaget Polo quartz bracelet watch in 18k yellow gold, Ref. 8306 C701, featuring an elegant onyx dial accented with four diamond hour markers. Its factory-set diamond bezel completes the understated yet luxurious design. 22mm wide. Circa 1980s. Total length: approx. 15.5cm, total weight: approx. 75.5g Brand Piaget Reference 8306 C701 Functions Hours, minute",Swiss Hours,2026-02-24,False
"Audemars Piguet Bracelet Watch, Pavé diamond dial with Sapphire markers, Baguette diamond bezel, Yellow Gold",Audemars Piguet,240000,https://swisshours.com/products/audemars-piguet-bracelet-watch-pave-diamond-dial-baguette-diamond-bezel-yellow-gold,https://cdn.shopify.com/s/files/1/0669/3486/6176/files/DSC06922.jpg?v=1786425501,".description p { margin-bottom: 18px; } An extraordinary Audemars Piguet manual-wind bracelet watch, dazzling with a pavé diamond dial, blue sapphire markers and a baguette diamond bezel. Its intricate bracelet is a masterpiece in itself, radiating artistry and refinement. 21mm wide. Circa 1980s. Total length: approx. 17.3cm, total weight: approx. 61g Brand Audemars Piguet Functions Hours, minutes",Swiss Hours,2026-02-24,False
"Gerald Genta Octagonal Wristwatch, White Onyx Dial, Ref. G.3298.7, Yellow Gold",Gerald Genta,69000,https://swisshours.com/products/gerald-genta-octagonal-wristwatch-white-onyx-dial-ref-g-3298-7-yellow-gold,https://cdn.shopify.com/s/files/1/0669/3486/6176/files/DSC00325.jpg?v=1752503295,".description p { margin-bottom: 18px; } An exquisite Gerald Genta octagonal wristwatch in 18k yellow gold, featuring a white onyx stone dial, elegantly detailed with blue font and Roman numerals. Ref. G 3298.7. Turn the watch over and the fully skeletonised manual-wind movement is revealed in stunning clarity through the sapphire display back. Case dia. 32mm. Fitted with its original Gerald Genta ",Swiss Hours,2025-07-14,False
"Piaget bracelet watch, Ref. 924D4, Lapis Lazuli dial, Diamond bezel, White Gold",Piaget,118000,https://swisshours.com/products/piaget-bracelet-watch-ref-924d4-lapis-lazuli-dial-diamond-bezel-white-gold,https://cdn.shopify.com/s/files/1/0669/3486/6176/files/DSC09679.jpg?v=1772028670,".description p { margin-bottom: 18px; } A Piaget, Ref. 924D4, 18k white gold bracelet watch, featuring a vibrant lapis lazuli stone dial accented by four diamond hour markers and framed by a spectacular diamond bezel. All original. 26mm wide. Manual wind. Circa 1980s. Total length: approx. 17cm, total weight: approx. 68g Brand Piaget Reference 924D4 Functions Hours, minutes Case material 18K White",Swiss Hours,2026-02-25,False
"Patek Philippe Calatrava, Ref. 3998G, White Gold",Patek Philippe,154000,https://swisshours.com/products/patek-philippe-calatrava-ref-3998g-white-gold,https://cdn.shopify.com/s/files/1/0669/3486/6176/files/DSC03545.jpg?v=1762871521,".description p { margin-bottom: 18px; } T he Patek Philippe Calatrava Ref. 3998G represents classic design at its finest. Crafted in 18k white gold, its 34mm case frames a silver dial with timeless simplicity, with a date aperture, applied white gold hour markers, a dotted minute track, and dauphine hands. The case features a smooth bezel and screw‑down back, housing the self‑winding Calibre 315. ",Swiss Hours,2025-11-11,False
"Gerald Genta Retro Fantasy Mickey Mouse, Ref. G.3612, Steel and Gold",Gerald Genta,105000,https://swisshours.com/products/gerald-genta-retro-fantasy-mickey-mouse-ref-g3612-steel-and-gold,https://cdn.shopify.com/s/files/1/0669/3486/6176/files/DSC08065.jpg?v=1785656476,".description p { margin-bottom: 18px; } A less commonly seen two-tone, stainless steel and gold, Gerald Genta Retro Fantasy Mickey Mouse, Ref. G.3612. It features a mother of pearl dial with a jump hour window and retrograde minutes, powered by a self winding movement. Its steel case is 34mm wide with a gold bezel and crown, and comes with its matching Gerald Genta two-tone tang buckle. Circa 1990",Swiss Hours,2024-11-10,False
"Piaget Ref. 9906, Malachite and Diamond Dial, Diamond Bezel, Yellow Gold",Piaget,76000,https://swisshours.com/products/piaget-ref-9906-malachite-diamond-dial-diamond-bezel-yellow-gold,https://cdn.shopify.com/s/files/1/0669/3486/6176/files/DSC02103_888af8ea-3cfc-4e32-8eb3-a62abd440b4d.jpg?v=1771946110,".description p { margin-bottom: 18px; } A rare Piaget 18k yellow gold manual-wind wristwatch, Ref. 9906, with a striking bow-tie dial crafted from malachite and diamonds. Its bezel sparkles with original brilliant diamonds. 25mm wide. Accompanied by Piaget service receipt. Brand Piaget Reference 9906 Functions Hours, minutes Case material 18K Yellow Gold Case diameter 25mm Movement Manual wind Str",Swiss Hours,2026-02-24,False
"Rolex “Eaton 1/4 Century Club” Oyster Perpetual, Ref. 6222, Yellow Gold",Rolex,42000,https://swisshours.com/products/rolex-oyster-perpetual-eaton-quarter-century-club-ref-6222-yellow-gold,https://cdn.shopify.com/s/files/1/0669/3486/6176/files/DSC02688.jpg?v=1733844212,".description p { margin-bottom: 18px; } A rare 1950s Rolex “Eaton 1/4 Century Club” Oyster Perpetual, Ref. 6222, in 14k yellow gold. Specially commissioned by the Canadian department store T.Eaton Co., this watch was gifted exclusively to employees in recognition of 25 years of service. It features a unique original dial with indices reading ""1/4 CENTURY CLUB"" and the traditional Rolex signature r",Swiss Hours,2025-01-06,False
"Cartier Tank Anglaise XL with Date, Diamond Bezel, New Old Stock, Ref. WT100023, White Gold",Cartier,145000,https://swisshours.com/products/cartier-tank-anglaise-xl-new-old-stock-ref-wt100023-white-gold,https://cdn.shopify.com/s/files/1/0669/3486/6176/files/DSC00183.jpg?v=1728026139,".description p { margin-bottom: 18px; } A new old stock Cartier Tank Anglaise XL in 18k white gold with factory diamond bezel, Ref. WT100023, featuring a silvered dial with large and radial Roman numeral hour markers, a minute track at the centre and a date aperture at 3 o’clock. A closer look reveals a lovely detail on the dial whereby the hour and minute tracks are slightly raised above the guil",Swiss Hours,2024-10-04,False
"Breitling Triple Calendar Moonphase Chronograph, AC Cars, Yellow Gold",Breguet,65000,https://swisshours.com/products/breitling-triple-calendar-moonphase-chronograph-ac-cars-yellow-gold,https://cdn.shopify.com/s/files/1/0669/3486/6176/files/DSC09710.jpg?v=1727360526,".description p { margin-bottom: 18px; } A very rare 18k yellow gold Breitling Triple Calendar Moonphase Chronograph from the 1980s. It has a white dial with a distinctive and red “AC”, which is the logo of AC Cars - one of Britain’s longest-standing car makers. Very little information can be found about this watch model and it’s highly possible that it’s a special order from AC Cars. Its 35mm case",Swiss Hours,2024-09-28,False
"Cartier Ballon Bleu, New-old-stock, Ref. W6920083, Pink Gold",Cartier,92000,https://swisshours.com/products/cartier-ballon-bleu-nos-ref-w6920083-pink-gold,https://cdn.shopify.com/s/files/1/0669/3486/6176/files/DSC00977.jpg?v=1727177302,".description p { margin-bottom: 18px; } New-old-stock Cartier Ballon Bleu, Ref. W6920083, crafted in 18k pink gold. It features a silvered opaline dial with black Roman numerals and blue steeled hands. Manual wind. Case dia. 40mm. Fitted with its original Cartier leather strap and 18k gold deployant buckle and accompanied by its original box and guarantee. Circa 2014. Brand Cartier Reference W6920",Swiss Hours,2024-09-26,False
"Patek Philippe Open-face Pocket Watch, Ref. 866, Yellow Gold",Patek Philippe,49000,https://swisshours.com/products/patek-philippe-open-face-pocket-watch-ref-866-yellow-gold,https://cdn.shopify.com/s/files/1/0669/3486/6176/files/DSC06269_58cf90ab-4094-487d-b9bd-c16420f9ccee.jpg?v=1726317397,".description p { margin-bottom: 18px; } A fine Patek Philippe 18k yellow gold open-face pocket watch, Ref. 866, featuring a white dial with Roman numerals and subsidiary seconds at 6 o’clock. This example comes with an Extract from the Archives confirming its manufacture in 1978 and its subsequent sale in 1980. Manual winding Calibre 17-170, 18 jewels. Case dia. 47mm. Brand Patek Philippe Referenc",Swiss Hours,2024-09-14,False
"Cartier Tank Normale, Ref. 78092, Yellow Gold",Cartier,98000,https://swisshours.com/products/cartier-tank-normale-ref-78092-yellow-gold,https://cdn.shopify.com/s/files/1/0669/3486/6176/files/DSC04597_aad30166-6e02-4cf4-a4ff-2b22e663f4c7.jpg?v=1725459208,".description p { margin-bottom: 18px; } Cartier Tank Normale in 18k yellow gold, Ref. 78092, a timeless classic from the early 1980s. The one we have here has a white Cartier service dial with Roman numerals. Its case measures 22mm x 30mm with lugs. Manual wind. Fitted with a Cartier 18k yellow gold tang buckle. Brand Cartier Reference 78092 Functions Hours, minutes Case material 18K Yellow Gold C",Swiss Hours,2024-09-04,False
"Patek Philippe Cushion-shaped Ellipse, Double-signed Beyer, Ref. 3545, White Gold",Patek Philippe,63000,https://swisshours.com/products/patek-philippe-cushion-shaped-ellipse-beyer-ref-3545-white-gold,https://cdn.shopify.com/s/files/1/0669/3486/6176/files/DSC07668.jpg?v=1723713031,".description p { margin-bottom: 18px; } Circa 1970s Patek Philippe cushion-shaped Ellipse, Ref. 3545, crafted in 18k white gold. Retailed by famed Zürich-based watch retailer, Beyer Chronometrie, its silver dial is double signed “BEYER” at 6 o'clock. Double signed dials like this one are highly appreciated by collectors these days. Sometimes referred to as a “horizontal ellipse”, this Ellipse meas",Swiss Hours,2024-08-15,False
"Corum Automatic Meteorite Dial, Limited edition of 38 pieces, Platinum",Corum,120000,https://swisshours.com/products/corum-automatic-wristwatch-meteorite-dial-limited-edition-platinum,https://cdn.shopify.com/s/files/1/0669/3486/6176/files/DSC04023.jpg?v=1722500543,".description p { margin-bottom: 18px; } Limited edition of 38 pieces only, this is a rare Corum platinum automatic wristwatch with a dial made of Meteorite Zagami from Planet Mars. Zagami is a stony meteorite which fell to Earth on October 3, 1962 in Nigeria. It is classified as a Martian (SNC) meteorite, which are the rarest type of stony meteorites. The dial is printed with an outer copper colou",Swiss Hours,2024-08-01,False
"Heuer Silverstone, New-old-stock, Ref. 110.313, Steel",Heuer,62000,https://swisshours.com/products/heuer-silverstone-ref-110-313-steel,https://cdn.shopify.com/s/files/1/0669/3486/6176/files/DSC00621.jpg?v=1721976511,".description p { margin-bottom: 18px; } Circa 1970s Heuer Silverstone Ref. 110.313 featuring a beautiful fume/brown starburst dial and matching inner bezel. In new-old-stock condition with original sticker still in-tact on the case back. Fitted on a Heuer leather strap with Heuer steel tang buckle. Brand Heuer Reference 110.313 Functions Chronograph, date, hours, minutes, seconds Case material Ste",Swiss Hours,2024-08-01,False
"Girard-Perregaux Richeville Chronograph, Ref. 2710, Steel",Girard-Perregaux,18500,https://swisshours.com/products/girard-perregaux-richeville-chronograph-ref-2710-steel,https://cdn.shopify.com/s/files/1/0669/3486/6176/files/DSC_0514_83246868-3e57-4ad9-a29e-650d937bbaa3.jpg?v=1717578119,".description p { margin-bottom: 18px; } Girard Perregeaux Steel Richeville Chronograph. Ref. 2710. Featuring the Lemania-based manual wind movement Calibre 1872. This neo-vintage beauty has a silver guilloche dial with applied Arabic numerals and blue steel Breguet hands. Tonneau shaped case, 25mm wide. GP steel tang buckle. Circa 1990s. Brand Girard-Perregaux Reference 2710 Functions Chronograph,",Swiss Hours,2024-06-05,False
"Tissot Vintage Navigator World Time, Yellow Gold",Tissot,53000,https://swisshours.com/products/tissot-1950s-navigator-world-time-yellow-gold,https://cdn.shopify.com/s/files/1/0669/3486/6176/files/DSC04001.jpg?v=1785680780,".description p { margin-bottom: 18px; } A vintage Tissot Navigator World Time in 18k yellow gold from the 1950s. It features a beautiful original dial with a rotating disc for the 24-hour world time indication. Its case, unpolished and sharp, measures 36mm in diameter and has a fixed 12-hour bezel for the local time. Automatic movement. A charming watch in exceptional condition. Brand Tissot Funct",Swiss Hours,2024-05-12,False
"Omega Rare Speedmaster Professional Apollo XI 1969 - Tribute to Astronauts, Ref. 145.022-69, Yellow Gold",Omega,360000,https://swisshours.com/products/omega-speedmaster-apollo-xi-1969-tribute-to-astronauts-ref-145-022-69-yellow-gold,https://cdn.shopify.com/s/files/1/0669/3486/6176/files/DSC06479_6bba3b0b-cdb6-46a8-8909-8c9f2e135245.jpg?v=1785678669,"Rare Omega Speedmaster Professional Apollo XI 1969 Tribute to Astronauts crafted in 18k yellow gold, Ref. 145.022-69. A limited edition model released in 1969 to commemorate man’s first steps on the moon. It is the first solid gold Speedmaster as well as the first numbered edition for Speedmaster. Only 1,104 pieces were made and this example is number 5XX, engraved on the special tribute caseback.",Swiss Hours,2024-03-12,False
"Roger Dubuis Much More Monopusher, Ref. M32.28.5, Pink Gold",Roger Dubuis,180000,https://swisshours.com/products/roger-dubuis-much-more-monopusher-ref-m-32-28-5-pink-gold,https://cdn.shopify.com/s/files/1/0669/3486/6176/files/DSC_0780.jpg?v=1706698254,"Roger Dubuis Much More Monopusher, Ref. M32.28.5, crafted in 18k pink gold. Limited to 28 pieces, this single-button chronograph features an ivory white dial with large radial brown Roman numerals. The 18k rose gold case is rectangular-shaped and curved, and measures 32mm x 44mm. Its sapphire crystal display back reveals the watch’s manual wind movement Cal. RD 28, which was developed in-house by ",Swiss Hours,2024-01-31,False
"Franck Muller Double Face Chronograph, Ref. 7008 CC DF, White Gold",Franck Muller,139000,https://swisshours.com/products/franck-muller-double-face-chronograph-ref-7008-cc-df-white-gold,https://cdn.shopify.com/s/files/1/0669/3486/6176/files/DSC_0494.jpg?v=1699970083,"A double-faced Franck Muller chronograph in 18k white gold, Ref. 7008 CC DF. On the back, the watch features a telemetre, tachymetre and pulsations scale. Case diameter 42mm. Automatic movement. With Franck Muller leather strap and 18k gold tang buckle. Accompanied by its Certificate of Origin. Circa 2000s. Brand Franck Muller Reference 7008 CC DF Functions Chronograph, hours, minutes, seconds, te",Swiss Hours,2023-11-14,False
"Girard-Perregaux Three Gold Bridges Tourbillon, Ref. 99193-52-001-BA6A, Pink Gold",Girard-Perregaux,460000,https://swisshours.com/products/girard-perregaux-three-bridges-tourbillon-ref-99193-52-001-ba6a-pink-gold,https://cdn.shopify.com/s/files/1/0669/3486/6176/files/IMG_8756.jpg?v=1695370249,"Rare Girard-Perregaux Three Gold Bridges Tourbillon in 18K pink gold. Ref. 99193-52-001-BA6A. New old stock. Case diameter 41mm. Automatic movement. With Girard-Perregaux 18k gold deployant buckle and accompanied by its Girard-Perregaux box and papers. Circa 2010s. Brand Girard-Perregaux Reference 99193-52-001-BA6A Functions Hours, minutes, seconds, tourbillon Case material 18K Pink Gold Case diam",Swiss Hours,2023-09-22,False
"Rolex Ovettone 'Red' Datejust, Ref. 6305, Steel and White Gold",Rolex,52000,https://swisshours.com/products/rolex-ovettone-red-datejust-ref-6305-steel-white-gold,https://cdn.shopify.com/s/files/1/0669/3486/6176/files/IMG_06021.jpg?v=1691735076,"Vintage Rolex Ovettone 'Red' Datejust, Ref. 6305, in steel with a white gold bezel. The dial features the date and ""DATEJUST"" signature in red-coloured font. The case has a big bubbleback, 36mm wide and remains unpolished. Brand Rolex Reference 6305 Functions Date, hours, minutes, seconds Case material Steel and 18K white gold bezel Case diameter 36mm Movement Automatic Strap / Buckle Unsigned str",Swiss Hours,2023-08-11,False
"Rolex Explorer II, Ref. 16570, X-serial number, Steel",Rolex,85000,https://swisshours.com/products/rolex-explorer-ii-ref-16570-steel,https://cdn.shopify.com/s/files/1/0669/3486/6176/files/CB2BBC1A-E8B5-40EF-932B-2163BA1697BF_1_105_c.jpg?v=1690268455,"Rolex Explorer II, Ref. 16570, featuring an attractive early white dial with luminous indices aged to a sand colour. X-serial number. Case diameter 40mm. Automatic movement. With original certificate dated 1993. Brand Rolex Reference 16570 Functions Hours, minutes, seconds, date, GMT Case material Steel Case diameter 40mm Movement Automatic Bracelet Rolex steel bracelet Period Circa 1993 Box / Pap",Swiss Hours,2023-07-25,False
"Vacheron Constantin Patrimony Sapphire Caseback, Ref. 81162/206G-9172, White Gold",Vacheron Constantin,115000,https://swisshours.com/products/vacheron-constantin-patrimony-ref-81162-206g-9172-white-gold,https://cdn.shopify.com/s/files/1/0669/3486/6176/files/IMG_9443.jpg?v=1685437421,"A white gold Vacheron Constantin Patrimony with sapphire caseback, Ref. 81162. Case dia. 35mm. Manual wind movement. Circa 2010s. Brand Vacheron Constantin Reference 81162/206G-9172 Functions Hours, minutes Case material 18K White Gold Case diameter 35mm Movement Manual wind Bracelet Vacheron Constantin 18K white gold bracelet Period Circa 2010s Box / Papers Watch only",Swiss Hours,2023-05-30,False
"Patek Philippe Annual Calendar, White Gold",Patek Philippe,240000,https://swisshours.com/products/patek-philippe-annual-calendar-ref-5146g-white-gold,https://cdn.shopify.com/s/files/1/0669/3486/6176/files/IMG_7286.jpg?v=1684144688,"Patek Philippe Annual Calendar, Ref. 5146G, in 18k white gold. A complete example with Certificate of Origin, product literature and original box. Case diameter 39mm. Automatic movement with Geneva seal. With Patek Philippe 18K gold deployant buckle. Circa 2006. Brand Patek Philippe Reference 5146G Functions Day, date, month, power reserve indicator, moonphase, hours, minutes, seconds Case materia",Swiss Hours,2023-05-15,False
"Vacheron Constantin Vintage Pocket Watch, Ref. 57101, Yellow Gold",Vacheron Constantin,40000,https://swisshours.com/products/vacheron-constantin-vintage-pocket-watch-ref-57101-yellow-gold,https://cdn.shopify.com/s/files/1/0669/3486/6176/files/IMG_3243.jpg?v=1683019372,"Vintage 1980s Vacheron Constantin pocket watch in 18k yellow gold. Ref. 57101. Functions include hours, minutes, seconds. Case diameter 48mm. Manual wind movement. With original box. Brand Vacheron Constantin Reference 57101 Functions Hours, minutes, seconds Case material 18K Yellow Gold Case diameter 48mm Movement Manual wind Period Circa 1980s Box / Papers Original box",Swiss Hours,2023-05-02,False
"Omega Speedmaster Professional Missions Collection Gemini VII, Ref. 3597.05, Steel",Omega,63500,https://swisshours.com/products/omega-speedmaster-professional-gemini-vii-ref-3597-05,https://cdn.shopify.com/s/files/1/0669/3486/6176/products/IMG_6829.jpg?v=1680418027,"Vintage 1998 Omega Speedmaster Professional Gemini VII, Ref. 3597.05, from the Omega Missions Collection and limited 150 pieces only. This example comes with its original guarantee and booklets. Brand Omega Reference 3597.05 Functions Hours, minutes, seconds, chronograph Case material Steel Case diameter 42mm Movement Manual wind Bracelet Omega steel bracelet Period Ca. 1998 Box / Papers Original ",Swiss Hours,2023-04-02,False
"Franck Muller 7008 CC Chronograph, Yellow Gold",Franck Muller,98000,https://swisshours.com/products/franck-muller-chronograph-ref-7008cc-yellow-gold,https://cdn.shopify.com/s/files/1/0669/3486/6176/products/IMG_7628_9b712d0c-62c4-44d5-8be5-d3ca5ad809fb.jpg?v=1676438637,"A unique Franck Muller 7008 CC Chronograph in 3N yellow gold with its movement engraved with delicate motifs. Accompanied by original box and certificate. Circa 2009. Brand Franck Muller Reference 7008CC Functions Chronograph, hours, minutes, subsidiary seconds Case material 18K Yellow Gold Case diameter 44mm Movement Automatic Strap / Buckle Unsigned leather strap, Franck Muller 18k gold tang buc",Swiss Hours,2023-02-15,False
"Omega Speedmaster Professional, Ref. 145.0022, Steel",Omega,33000,https://swisshours.com/products/omega-vintage-speedmaster-professional-ref-145-0022-steel,https://cdn.shopify.com/s/files/1/0669/3486/6176/products/IMG_7515.jpg?v=1678857644,"Vintage Omega Speedmaster Professional, Ref. 145.0022, with 1171/1/633 bracelet. Calibre 861. Circa 1987. Brand Omega Reference 145.0022 Functions Hours, minutes, seconds, chronograph Case material Steel Case diameter 42mm Movement Manual wind, Cal. 861 Bracelet Omega steel 1171/1/633 bracelet Period Ca. 1987 Box / Papers Watch only",Swiss Hours,2023-02-14,False
"Urwerk UR-103, Rose Gold",Urwerk,280000,https://swisshours.com/products/urwerk-ur-103-rose-gold,https://cdn.shopify.com/s/files/1/0669/3486/6176/products/IMG_2169.jpg?v=1676268038,"Urwerk UR-103 crafted in rose gold. Ref. UR-103.09 RG. A unique design with luminous Arabic numerals and four orbiting and rotating satellites, which display the hour along the minutes arc at the bottom. Its case back features a control panel with the power reserve indicator and analogue minutes and seconds display. Case dimensions 36mm x 50mm. Automatic movement. Fitted with an Urwerk leather str",Swiss Hours,2023-02-14,False
"Ferrari F40 Competizione Chronograph, Limited Edition, Yellow Gold",Ferrari,52000,https://swisshours.com/products/ferrari-f40-chronograph-limited-edition-yellow-gold,https://cdn.shopify.com/s/files/1/0669/3486/6176/products/IMG_76921.jpg?v=1676789315,"A very collectible Ferrari F40 Competizione Chronograph, limited to 20 pieces only. With original box and certificate, this watch was sold by Tamsen GmbH - a Ferrari Dealer in Stuhr Germany, in 1994. Brand Ferrari Functions Hours, minutes, seconds, chronograph, date, tachymeter Case material 18K Yellow Gold Case diameter 39mm Movement Automatic Strap / Buckle Unsigned strap, unsigned buckle Period",Swiss Hours,2023-02-08,False
"Chopard 135th Anniversary Edition, Ref. 16/1229, Limited 135 pieces, Yellow Gold",Chopard,39500,https://swisshours.com/products/chopard-135-anniversary-limited-edition-ref-16-1229-yellow-gold,https://cdn.shopify.com/s/files/1/0669/3486/6176/products/IMG_0493_1.jpg?v=1676998358,"Limited to 135 pieces. Brand Chopard Reference 16/1229 Functions Hours, minutes, subsidiary seconds Case material 18K Yellow Gold Case diameter 36mm Movement Automatic Strap / Buckle Unsigned leather strap, Chopard 18K yellow gold tang buckle Period 1995 Box / Papers Original box and certificate dated 1995",Swiss Hours,2022-12-12,False
